Carrier Code,Date (MM/DD/YYYY),Flight Number,Tail Number,Destination Airport,Scheduled departure time,Actual departure time,Scheduled elapsed time (Minutes),Actual elapsed time (Minutes),Departure delay (Minutes),Wheels-off time,Taxi-Out time (Minutes),Delay Carrier (Minutes),Delay Weather (Minutes),Delay National Aviation System (Minutes),Delay Security (Minutes),Delay Late Aircraft Arrival (Minutes)
WN,01/01/2022,1852.0,N8745K,HNL,14:45,16:15,50.0,95.0,90.0,17:04,49.0,0.0,0.0,45.0,0.0,90.0
WN,01/01/2022,2326.0,N8323C,HNL,18:30,19:05,50.0,65.0,35.0,19:24,19.0,0.0,0.0,15.0,0.0,35.0
WN,01/01/2023,1168.0,N8763L,HNL,12:15,12:41,60.0,57.0,26.0,12:52,11.0,23.0,0.0,0.0,0.0,0.0
WN,01/02/2022,1852.0,N8714Q,HNL,14:45,16:13,50.0,53.0,88.0,16:23,10.0,0.0,0.0,3.0,0.0,88.0
WN,01/02/2022,2326.0,N8311Q,HNL,18:30,18:45,50.0,66.0,15.0,19:11,26.0,0.0,0.0,16.0,0.0,15.0
WN,01/02/2023,2365.0,N8763L,HNL,19:15,19:33,55.0,60.0,18.0,19:46,13.0,0.0,0.0,5.0,0.0,18.0
WN,01/02/2023,2494.0,N8763L,HNL,15:25,15:46,60.0,61.0,21.0,16:05,19.0,1.0,0.0,1.0,0.0,20.0
WN,01/03/2022,1847.0,N8311Q,HNL,10:10,10:25,50.0,53.0,15.0,10:34,9.0,0.0,0.0,3.0,13.0,2.0
WN,01/03/2022,1852.0,N8734Q,HNL,14:45,15:38,50.0,52.0,53.0,15:49,11.0,4.0,0.0,2.0,0.0,49.0
WN,01/03/2023,2365.0,N8753Q,HNL,19:15,19:54,55.0,54.0,39.0,20:06,12.0,0.0,0.0,0.0,0.0,38.0
WN,01/03/2023,2494.0,N8721J,HNL,15:25,16:32,60.0,53.0,67.0,16:42,10.0,57.0,0.0,0.0,0.0,3.0
WN,01/04/2022,2326.0,N8302F,HNL,18:30,19:04,50.0,49.0,34.0,19:11,7.0,0.0,0.0,0.0,0.0,33.0
WN,01/04/2023,2494.0,N8742M,HNL,15:25,15:49,60.0,79.0,24.0,16:19,30.0,0.0,0.0,19.0,0.0,24.0
WN,01/05/2022,1847.0,N8302F,HNL,10:10,10:27,50.0,53.0,17.0,10:38,11.0,0.0,0.0,3.0,17.0,0.0
WN,01/05/2022,1852.0,N8328A,HNL,14:45,15:14,50.0,58.0,29.0,15:23,9.0,0.0,0.0,8.0,0.0,29.0
WN,01/06/2022,2326.0,N8715Q,HNL,18:30,19:30,50.0,58.0,60.0,19:41,11.0,0.0,0.0,8.0,0.0,60.0
WN,01/06/2023,2348.0,N8737L,HNL,15:30,15:47,60.0,56.0,17.0,15:59,12.0,0.0,0.0,0.0,0.0,0.0
WN,01/07/2022,1852.0,N8751R,HNL,14:45,15:25,50.0,60.0,40.0,15:34,9.0,0.0,0.0,10.0,0.0,40.0
WN,01/08/2023,2348.0,N8736J,HNL,15:30,15:51,60.0,55.0,21.0,16:01,10.0,0.0,0.0,0.0,0.0,16.0
WN,01/10/2022,858.0,N8750Q,HNL,06:20,08:10,50.0,54.0,110.0,08:24,14.0,110.0,0.0,4.0,0.0,0.0
WN,01/10/2022,1847.0,N8750Q,HNL,10:10,11:21,50.0,62.0,71.0,11:33,12.0,0.0,0.0,12.0,0.0,71.0
WN,01/11/2023,2234.0,N8780Q,HNL,19:15,19:44,55.0,54.0,29.0,19:53,9.0,0.0,0.0,0.0,0.0,28.0
WN,01/11/2023,2348.0,N8780Q,HNL,15:30,16:26,60.0,54.0,56.0,16:35,9.0,0.0,0.0,0.0,0.0,50.0
WN,01/13/2021,726.0,N8306H,HNL,07:35,08:33,55.0,51.0,58.0,08:40,7.0,54.0,0.0,0.0,0.0,0.0
WN,01/14/2023,2348.0,N8769Q,HNL,15:30,16:07,60.0,49.0,37.0,16:17,10.0,0.0,0.0,0.0,0.0,26.0
WN,01/16/2022,1852.0,N8746Q,HNL,14:45,15:09,50.0,54.0,24.0,15:19,10.0,0.0,0.0,4.0,0.0,24.0
WN,01/18/2023,2348.0,N8315C,HNL,15:30,15:56,60.0,50.0,26.0,16:06,10.0,0.0,0.0,0.0,0.0,16.0
WN,01/19/2022,1394.0,N8746Q,HNL,14:40,14:58,60.0,56.0,18.0,15:10,12.0,0.0,0.0,0.0,0.0,0.0
WN,01/21/2021,594.0,N8312C,HNL,17:55,18:40,60.0,45.0,45.0,18:47,7.0,30.0,0.0,0.0,0.0,0.0
WN,01/25/2020,757.0,N8322X,HNL,14:40,14:56,60.0,50.0,16.0,15:07,11.0,0.0,0.0,0.0,0.0,0.0
WN,01/25/2023,1228.0,N8755L,HNL,06:20,07:10,55.0,55.0,50.0,07:18,8.0,50.0,0.0,0.0,0.0,0.0
WN,01/26/2020,757.0,N8307K,HNL,14:40,15:30,60.0,53.0,50.0,15:44,14.0,0.0,0.0,0.0,0.0,43.0
WN,01/26/2020,759.0,N8307K,HNL,18:15,18:51,55.0,48.0,36.0,19:00,9.0,6.0,0.0,0.0,0.0,23.0
WN,01/26/2023,2234.0,N8795L,HNL,19:15,19:32,55.0,55.0,17.0,19:43,11.0,0.0,0.0,0.0,0.0,17.0
WN,01/28/2022,2297.0,N8714Q,HNL,18:30,19:01,55.0,52.0,31.0,19:11,10.0,0.0,0.0,0.0,0.0,28.0
WN,01/28/2023,2348.0,N8738K,HNL,15:30,16:16,60.0,52.0,46.0,16:25,9.0,0.0,0.0,0.0,0.0,38.0
WN,01/31/2020,5435.0,N8327A,HNL,10:05,10:29,50.0,47.0,24.0,10:39,10.0,0.0,0.0,0.0,0.0,21.0
WN,02/01/2023,1513.0,N8713M,HNL,08:40,09:16,55.0,52.0,36.0,09:28,12.0,0.0,0.0,0.0,33.0,0.0
WN,02/01/2023,2348.0,N8742M,HNL,15:30,15:47,60.0,59.0,17.0,15:58,11.0,16.0,0.0,0.0,0.0,0.0
WN,02/02/2023,2234.0,N8785L,HNL,19:15,20:51,55.0,204.0,96.0,21:02,11.0,0.0,0.0,149.0,0.0,96.0
WN,02/03/2023,1228.0,N8743K,HNL,06:20,07:40,55.0,50.0,80.0,07:50,10.0,75.0,0.0,0.0,0.0,0.0
WN,02/05/2021,594.0,N8314L,HNL,17:55,18:16,60.0,53.0,21.0,18:28,12.0,0.0,0.0,0.0,0.0,0.0
WN,02/06/2023,2234.0,N1807U,HNL,19:15,19:39,55.0,52.0,24.0,19:48,9.0,0.0,0.0,0.0,0.0,21.0
WN,02/06/2023,2348.0,N8310C,HNL,15:30,16:21,60.0,54.0,51.0,16:34,13.0,45.0,0.0,0.0,0.0,0.0
WN,02/09/2022,1816.0,N8726H,HNL,10:05,10:33,55.0,51.0,28.0,10:43,10.0,0.0,0.0,0.0,0.0,24.0
WN,02/10/2020,759.0,N8326F,HNL,18:15,19:03,55.0,57.0,48.0,19:12,9.0,0.0,0.0,2.0,0.0,48.0
WN,02/11/2023,2348.0,N8711Q,HNL,15:30,16:03,60.0,52.0,33.0,16:13,10.0,0.0,0.0,0.0,0.0,25.0
WN,02/12/2023,1228.0,N8781Q,HNL,06:20,06:53,55.0,63.0,33.0,07:08,15.0,0.0,0.0,8.0,33.0,0.0
WN,02/13/2022,1394.0,N8314L,HNL,14:40,15:14,60.0,46.0,34.0,15:21,7.0,0.0,0.0,0.0,0.0,20.0
WN,02/13/2022,2297.0,N8314L,HNL,18:30,18:51,55.0,54.0,21.0,19:01,10.0,3.0,0.0,0.0,0.0,17.0
WN,02/14/2022,1206.0,N8319F,HNL,07:10,07:30,55.0,51.0,20.0,07:38,8.0,16.0,0.0,0.0,0.0,0.0
WN,02/16/2023,969.0,N8779Q,HNL,12:15,12:32,60.0,58.0,17.0,12:41,9.0,0.0,0.0,0.0,0.0,15.0
WN,02/17/2022,1394.0,N8306H,HNL,14:40,15:56,60.0,50.0,76.0,16:03,7.0,63.0,0.0,0.0,0.0,3.0
WN,02/17/2022,1816.0,N8746Q,HNL,10:05,10:20,55.0,58.0,15.0,10:32,12.0,0.0,0.0,3.0,0.0,15.0
WN,02/17/2023,2234.0,N8786Q,HNL,19:15,19:33,55.0,50.0,18.0,19:41,8.0,0.0,0.0,0.0,0.0,0.0
WN,02/17/2023,2348.0,N8730Q,HNL,15:30,16:33,60.0,51.0,63.0,16:42,9.0,0.0,0.0,0.0,0.0,54.0
WN,02/19/2023,969.0,N871HK,HNL,12:15,12:41,60.0,48.0,26.0,12:50,9.0,0.0,0.0,0.0,0.0,0.0
WN,02/19/2023,1513.0,N871HK,HNL,08:40,09:03,55.0,63.0,23.0,09:20,17.0,0.0,0.0,8.0,0.0,23.0
WN,02/20/2020,759.0,N8323C,HNL,18:15,18:36,55.0,50.0,21.0,18:45,9.0,0.0,0.0,0.0,0.0,16.0
WN,02/21/2022,2297.0,N8708Q,HNL,18:30,18:52,55.0,52.0,22.0,19:03,11.0,0.0,0.0,0.0,0.0,19.0
WN,02/21/2023,2348.0,N8760L,HNL,15:30,15:55,60.0,49.0,25.0,16:04,9.0,0.0,0.0,0.0,0.0,0.0
WN,02/22/2023,969.0,N8744B,HNL,12:15,13:45,60.0,58.0,90.0,13:53,8.0,0.0,0.0,0.0,0.0,88.0
WN,02/22/2023,1513.0,N8744B,HNL,08:40,10:10,55.0,62.0,90.0,10:19,9.0,0.0,0.0,7.0,0.0,90.0
WN,02/26/2020,759.0,N8327A,HNL,18:15,18:42,55.0,49.0,27.0,18:50,8.0,0.0,0.0,0.0,0.0,21.0
WN,02/26/2022,1206.0,N8303R,HNL,07:10,07:25,55.0,48.0,15.0,07:35,10.0,0.0,0.0,0.0,0.0,0.0
WN,02/27/2022,1816.0,N8748Q,HNL,10:05,10:41,55.0,56.0,36.0,10:51,10.0,0.0,0.0,1.0,0.0,36.0
WN,02/27/2023,2234.0,N8738K,HNL,19:15,20:26,55.0,52.0,71.0,20:37,11.0,67.0,0.0,0.0,0.0,1.0
WN,02/28/2021,726.0,N8307K,HNL,07:35,07:52,55.0,46.0,17.0,07:59,7.0,0.0,0.0,0.0,0.0,0.0
WN,02/28/2022,1394.0,N8713M,HNL,14:40,15:37,60.0,47.0,57.0,15:46,9.0,10.0,0.0,0.0,0.0,34.0
WN,03/01/2022,1206.0,N8309C,HNL,07:10,07:31,55.0,48.0,21.0,07:39,8.0,0.0,0.0,0.0,0.0,0.0
WN,03/01/2022,1816.0,N8748Q,HNL,10:05,10:34,55.0,52.0,29.0,10:44,10.0,25.0,0.0,0.0,0.0,1.0
WN,03/01/2022,2297.0,N8713M,HNL,18:30,19:33,55.0,64.0,63.0,19:44,11.0,0.0,0.0,9.0,0.0,63.0
WN,03/04/2023,2348.0,N8788L,HNL,15:30,15:51,60.0,53.0,21.0,16:00,9.0,0.0,0.0,0.0,0.0,0.0
WN,03/05/2022,1394.0,N8730Q,HNL,14:40,15:18,60.0,59.0,38.0,15:27,9.0,0.0,0.0,0.0,0.0,37.0
WN,03/05/2022,1816.0,N8329B,HNL,10:05,10:41,55.0,54.0,36.0,10:49,8.0,9.0,0.0,0.0,0.0,26.0
WN,03/05/2022,2297.0,N8748Q,HNL,18:30,18:55,55.0,50.0,25.0,19:05,10.0,0.0,0.0,0.0,0.0,20.0
WN,03/07/2022,2297.0,N8733M,HNL,18:30,18:45,55.0,57.0,15.0,18:57,12.0,0.0,0.0,2.0,0.0,15.0
WN,03/08/2022,2297.0,N8740A,HNL,18:30,19:37,55.0,56.0,67.0,19:50,13.0,0.0,51.0,1.0,0.0,16.0
WN,03/09/2023,1303.0,N8757L,HNL,07:30,08:16,55.0,59.0,46.0,08:26,10.0,46.0,0.0,4.0,0.0,0.0
WN,03/10/2022,2507.0,N8311Q,HNL,18:30,19:47,55.0,51.0,77.0,19:55,8.0,9.0,0.0,0.0,0.0,64.0
WN,03/10/2023,3669.0,N8754S,HNL,15:25,15:54,60.0,59.0,29.0,16:05,11.0,0.0,0.0,0.0,28.0,0.0
WN,03/11/2022,2007.0,N8723Q,HNL,14:35,14:57,60.0,50.0,22.0,15:07,10.0,0.0,0.0,0.0,0.0,0.0
WN,03/11/2023,1089.0,N8322X,HNL,13:45,14:08,60.0,60.0,23.0,14:21,13.0,0.0,0.0,0.0,0.0,23.0
WN,03/11/2023,1303.0,N8763L,HNL,07:30,08:01,55.0,51.0,31.0,08:10,9.0,0.0,0.0,0.0,27.0,0.0
WN,03/11/2023,3694.0,N8321D,HNL,19:15,23:09,55.0,56.0,234.0,23:21,12.0,0.0,0.0,1.0,0.0,234.0
WN,03/11/2023,3700.0,N8322X,HNL,09:40,10:46,55.0,51.0,66.0,10:56,10.0,0.0,0.0,0.0,36.0,26.0
WN,03/12/2022,2007.0,N8311Q,HNL,14:35,15:02,60.0,49.0,27.0,15:10,8.0,6.0,0.0,0.0,0.0,10.0
WN,03/12/2022,2077.0,N8311Q,HNL,11:00,11:28,55.0,50.0,28.0,11:36,8.0,0.0,0.0,0.0,0.0,23.0
WN,03/12/2022,2507.0,N8727M,HNL,18:30,00:18,55.0,60.0,348.0,00:33,15.0,1.0,0.0,5.0,0.0,347.0
WN,03/12/2023,1089.0,N8734Q,HNL,12:45,13:29,60.0,59.0,44.0,13:38,9.0,0.0,0.0,0.0,0.0,43.0
WN,03/12/2023,1303.0,N8322X,HNL,06:30,07:04,55.0,55.0,34.0,07:13,9.0,0.0,0.0,0.0,34.0,0.0
WN,03/12/2023,3694.0,N8781Q,HNL,18:15,18:38,55.0,59.0,23.0,18:50,12.0,0.0,0.0,4.0,0.0,23.0
WN,03/12/2023,3700.0,N8749Q,HNL,08:40,09:32,55.0,73.0,52.0,09:54,22.0,0.0,0.0,18.0,46.0,6.0
WN,03/13/2020,463.0,N8313F,HNL,18:45,19:22,60.0,51.0,37.0,19:30,8.0,0.0,0.0,0.0,0.0,28.0
WN,03/13/2021,952.0,N8328A,HNL,08:30,09:41,60.0,53.0,71.0,09:48,7.0,64.0,0.0,0.0,0.0,0.0
WN,03/13/2021,954.0,N8328A,HNL,12:10,13:23,60.0,52.0,73.0,13:30,7.0,4.0,0.0,0.0,0.0,61.0
WN,03/13/2021,956.0,N8328A,HNL,15:55,16:51,60.0,46.0,56.0,16:57,6.0,0.0,0.0,0.0,0.0,42.0
WN,03/13/2022,2007.0,N8704Q,HNL,13:35,14:00,60.0,50.0,25.0,14:11,11.0,0.0,0.0,0.0,0.0,15.0
WN,03/13/2023,1089.0,N8321D,HNL,12:45,13:25,60.0,63.0,40.0,13:40,15.0,13.0,0.0,3.0,0.0,27.0
WN,03/13/2023,1303.0,N8706W,HNL,06:30,07:15,55.0,52.0,45.0,07:25,10.0,0.0,0.0,0.0,42.0,0.0
WN,03/13/2023,3694.0,N8728Q,HNL,18:15,18:53,55.0,58.0,38.0,19:03,10.0,0.0,0.0,3.0,0.0,38.0
WN,03/13/2023,3700.0,N8321D,HNL,08:40,09:34,55.0,74.0,54.0,09:44,10.0,0.0,0.0,19.0,51.0,3.0
WN,03/14/2021,956.0,N8319F,HNL,14:55,15:13,60.0,63.0,18.0,15:24,11.0,18.0,0.0,3.0,0.0,0.0
WN,03/14/2022,1325.0,N8732S,HNL,05:50,06:35,55.0,54.0,45.0,06:45,10.0,0.0,0.0,44.0,0.0,0.0
WN,03/14/2022,2507.0,N8323C,HNL,17:30,17:46,55.0,50.0,16.0,17:54,8.0,0.0,0.0,0.0,0.0,0.0
WN,03/15/2022,2507.0,N8319F,HNL,17:30,17:48,55.0,48.0,18.0,17:56,8.0,0.0,0.0,0.0,0.0,0.0
WN,03/16/2022,2007.0,N8733M,HNL,13:35,14:08,60.0,60.0,33.0,14:18,10.0,1.0,0.0,0.0,0.0,32.0
WN,03/18/2022,2507.0,N8313F,HNL,17:30,18:52,55.0,48.0,82.0,19:01,9.0,0.0,0.0,0.0,0.0,75.0
WN,03/18/2023,1089.0,N8772M,HNL,12:45,13:18,60.0,60.0,33.0,13:30,12.0,0.0,0.0,0.0,0.0,33.0
WN,03/19/2020,461.0,N8318F,HNL,14:50,15:31,60.0,48.0,41.0,15:41,10.0,0.0,0.0,29.0,0.0,0.0
WN,03/19/2022,2007.0,N8312C,HNL,13:35,14:13,60.0,56.0,38.0,14:22,9.0,9.0,0.0,0.0,0.0,25.0
WN,03/19/2022,2077.0,N8312C,HNL,10:00,10:17,55.0,53.0,17.0,10:32,15.0,14.0,0.0,0.0,0.0,1.0
WN,03/19/2022,2507.0,N8706W,HNL,17:30,17:46,55.0,51.0,16.0,17:58,12.0,0.0,0.0,0.0,0.0,0.0
WN,03/19/2023,1089.0,N8777Q,HNL,12:45,13:16,60.0,56.0,31.0,13:27,11.0,0.0,0.0,0.0,0.0,27.0
WN,03/20/2022,2507.0,N8708Q,HNL,17:30,18:12,55.0,55.0,42.0,18:20,8.0,0.0,0.0,0.0,0.0,42.0
WN,03/21/2020,170.0,N8311Q,HNL,10:05,11:01,60.0,47.0,56.0,11:09,8.0,0.0,0.0,0.0,0.0,43.0
WN,03/21/2022,2007.0,N8313F,HNL,13:35,14:12,60.0,55.0,37.0,14:21,9.0,3.0,0.0,0.0,0.0,29.0
WN,03/21/2022,2507.0,N8312C,HNL,17:30,18:21,55.0,49.0,51.0,18:28,7.0,3.0,0.0,0.0,0.0,42.0
WN,03/22/2022,2507.0,N8717M,HNL,17:30,18:04,55.0,52.0,34.0,18:15,11.0,0.0,0.0,0.0,0.0,31.0
WN,03/25/2022,1325.0,N8707P,HNL,05:50,06:14,55.0,58.0,24.0,06:27,13.0,24.0,0.0,3.0,0.0,0.0
WN,03/26/2022,2007.0,N8726H,HNL,13:35,14:42,60.0,48.0,67.0,14:51,9.0,0.0,0.0,0.0,0.0,55.0
WN,03/27/2022,2007.0,N8725L,HNL,13:35,13:59,60.0,56.0,24.0,14:10,11.0,0.0,0.0,0.0,0.0,20.0
WN,03/27/2022,2077.0,N8719Q,HNL,10:00,10:18,55.0,53.0,18.0,10:30,12.0,16.0,0.0,0.0,0.0,0.0
WN,03/27/2022,2507.0,N8709Q,HNL,17:30,18:17,55.0,52.0,47.0,18:30,13.0,0.0,0.0,0.0,0.0,44.0
WN,03/28/2022,2507.0,N8325D,HNL,17:30,19:08,55.0,51.0,98.0,19:16,8.0,0.0,0.0,0.0,0.0,94.0
WN,03/28/2023,3669.0,N8796L,HNL,14:25,14:49,60.0,65.0,24.0,15:11,22.0,0.0,0.0,27.0,0.0,2.0
WN,03/28/2023,3694.0,N8759Q,HNL,18:15,21:05,55.0,64.0,170.0,21:16,11.0,0.0,0.0,9.0,0.0,170.0
WN,03/29/2022,2507.0,N8726H,HNL,17:30,18:31,55.0,52.0,61.0,18:41,10.0,0.0,0.0,0.0,0.0,58.0
WN,03/31/2023,3669.0,N8708Q,HNL,14:25,14:42,60.0,82.0,17.0,15:04,22.0,0.0,0.0,22.0,0.0,17.0
WN,04/01/2023,1303.0,N1811U,HNL,06:30,06:46,55.0,54.0,16.0,06:56,10.0,0.0,0.0,0.0,15.0,0.0
WN,04/04/2022,1905.0,N8715Q,HNL,17:30,18:30,55.0,50.0,60.0,18:39,9.0,0.0,0.0,0.0,0.0,55.0
WN,04/04/2023,3669.0,N8787K,HNL,14:25,14:45,60.0,90.0,20.0,15:07,22.0,0.0,0.0,36.0,0.0,14.0
WN,04/05/2021,952.0,N8324A,HNL,07:30,08:25,60.0,48.0,55.0,08:34,9.0,43.0,0.0,0.0,0.0,0.0
WN,04/05/2021,954.0,N8324A,HNL,11:10,11:39,60.0,48.0,29.0,11:47,8.0,8.0,0.0,0.0,0.0,9.0
WN,04/06/2022,1900.0,N8329B,HNL,13:40,14:08,60.0,55.0,28.0,14:19,11.0,0.0,0.0,0.0,0.0,23.0
WN,04/06/2023,3669.0,N8766T,HNL,14:25,16:30,60.0,53.0,125.0,16:38,8.0,0.0,0.0,0.0,0.0,118.0
WN,04/06/2023,3694.0,N8760L,HNL,18:15,18:50,55.0,60.0,35.0,19:02,12.0,0.0,0.0,5.0,0.0,35.0
WN,04/07/2022,1905.0,N8751R,HNL,17:30,19:53,55.0,124.0,143.0,20:05,12.0,0.0,0.0,69.0,0.0,143.0
WN,04/07/2023,3669.0,N8761L,HNL,14:25,15:34,60.0,59.0,69.0,15:47,13.0,0.0,0.0,0.0,0.0,68.0
WN,04/08/2022,1905.0,N8709Q,HNL,17:30,18:02,55.0,49.0,32.0,18:12,10.0,2.0,0.0,0.0,0.0,24.0
WN,04/10/2022,1905.0,N8731J,HNL,17:30,17:51,55.0,50.0,21.0,18:00,9.0,0.0,0.0,0.0,12.0,4.0
WN,04/10/2023,3694.0,N8317M,HNL,18:15,19:59,55.0,52.0,104.0,20:09,10.0,96.0,0.0,0.0,0.0,5.0
WN,04/12/2021,961.0,N8312C,HNL,14:55,15:34,60.0,57.0,39.0,15:43,9.0,0.0,0.0,0.0,0.0,36.0
WN,04/12/2023,1250.0,N8747Q,HNL,12:45,13:46,60.0,52.0,61.0,13:56,10.0,0.0,0.0,0.0,0.0,53.0
WN,04/13/2021,956.0,N8306H,HNL,07:30,08:46,60.0,43.0,76.0,08:52,6.0,59.0,0.0,0.0,0.0,0.0
WN,04/13/2022,1900.0,N8326F,HNL,13:40,14:00,60.0,51.0,20.0,14:09,9.0,0.0,0.0,0.0,0.0,0.0
WN,04/13/2023,851.0,N8732S,HNL,18:15,19:12,55.0,61.0,57.0,19:24,12.0,57.0,0.0,6.0,0.0,0.0
WN,04/21/2022,1900.0,N8717M,HNL,13:40,13:55,60.0,53.0,15.0,14:05,10.0,0.0,0.0,0.0,0.0,0.0
WN,04/22/2022,1905.0,N8739L,HNL,17:30,18:02,55.0,51.0,32.0,18:11,9.0,0.0,0.0,0.0,0.0,28.0
WN,04/24/2023,1420.0,N1811U,HNL,06:30,06:56,55.0,48.0,26.0,07:05,9.0,0.0,0.0,19.0,0.0,0.0
WN,04/24/2023,1569.0,N8767M,HNL,14:25,14:54,60.0,50.0,29.0,15:04,10.0,0.0,0.0,0.0,0.0,19.0
WN,04/25/2021,963.0,N8307K,HNL,18:30,18:56,60.0,50.0,26.0,19:02,6.0,0.0,0.0,16.0,0.0,0.0
WN,04/25/2022,1898.0,N8310C,HNL,10:10,10:26,55.0,47.0,16.0,10:33,7.0,0.0,0.0,0.0,0.0,0.0
WN,04/25/2022,1905.0,N8711Q,HNL,17:30,17:47,55.0,58.0,17.0,18:00,13.0,7.0,0.0,3.0,0.0,10.0
WN,04/27/2023,1250.0,N8742M,HNL,12:45,13:34,60.0,68.0,49.0,13:55,21.0,0.0,0.0,40.0,0.0,17.0
WN,04/28/2023,1569.0,N8728Q,HNL,14:25,14:55,60.0,64.0,30.0,15:16,21.0,0.0,0.0,4.0,0.0,30.0
WN,04/29/2022,1898.0,N8313F,HNL,10:10,10:54,55.0,50.0,44.0,11:01,7.0,0.0,0.0,0.0,0.0,39.0
WN,05/06/2020,560.0,N8315C,HNL,19:10,19:42,55.0,48.0,32.0,19:51,9.0,25.0,0.0,0.0,0.0,0.0
WN,05/09/2023,1569.0,N8792Q,HNL,14:25,15:01,60.0,63.0,36.0,15:16,15.0,36.0,0.0,3.0,0.0,0.0
WN,05/11/2022,1233.0,N8715Q,HNL,05:50,06:13,55.0,55.0,23.0,06:25,12.0,23.0,0.0,0.0,0.0,0.0
WN,05/13/2023,1247.0,N8760L,HNL,08:40,12:26,55.0,73.0,226.0,12:53,27.0,210.0,0.0,18.0,0.0,16.0
WN,05/13/2023,1250.0,N8783L,HNL,12:45,14:26,60.0,53.0,101.0,14:36,10.0,0.0,0.0,0.0,0.0,94.0
WN,05/15/2023,1250.0,N8734Q,HNL,12:45,13:10,60.0,62.0,25.0,13:33,23.0,0.0,0.0,2.0,12.0,13.0
WN,05/16/2022,1905.0,N8308K,HNL,17:30,18:10,55.0,49.0,40.0,18:17,7.0,0.0,0.0,0.0,0.0,34.0
WN,05/16/2023,1569.0,N8717M,HNL,14:25,14:52,60.0,57.0,27.0,15:04,12.0,0.0,0.0,22.0,0.0,2.0
WN,05/17/2022,1898.0,N8704Q,HNL,10:10,11:27,55.0,50.0,77.0,11:37,10.0,0.0,0.0,0.0,0.0,72.0
WN,05/17/2022,1900.0,N8704Q,HNL,13:40,14:25,60.0,56.0,45.0,14:37,12.0,0.0,0.0,0.0,0.0,41.0
WN,05/19/2022,1905.0,N8742M,HNL,17:30,17:52,55.0,49.0,22.0,18:00,8.0,0.0,0.0,0.0,0.0,16.0
WN,05/19/2023,1569.0,N8785L,HNL,14:25,14:56,60.0,69.0,31.0,15:10,14.0,0.0,0.0,9.0,0.0,31.0
WN,05/20/2022,1905.0,N8721J,HNL,17:30,17:49,55.0,52.0,19.0,17:59,10.0,16.0,0.0,0.0,0.0,0.0
WN,05/21/2022,1900.0,N8750Q,HNL,13:40,14:14,60.0,57.0,34.0,14:25,11.0,0.0,0.0,15.0,0.0,16.0
WN,05/23/2022,1900.0,N8745K,HNL,13:40,13:57,60.0,51.0,17.0,14:07,10.0,0.0,0.0,0.0,0.0,0.0
WN,05/23/2022,1905.0,N8716B,HNL,17:30,17:45,55.0,51.0,15.0,17:55,10.0,0.0,0.0,0.0,0.0,0.0
WN,05/23/2023,1569.0,N8712L,HNL,14:25,14:56,60.0,51.0,31.0,15:05,9.0,0.0,0.0,0.0,0.0,22.0
WN,05/26/2021,990.0,N8718Q,HNL,18:30,18:58,50.0,55.0,28.0,19:08,10.0,2.0,0.0,5.0,0.0,26.0
WN,05/27/2020,560.0,N8326F,HNL,19:10,20:00,55.0,45.0,50.0,20:07,7.0,0.0,0.0,0.0,0.0,40.0
WN,05/27/2023,1569.0,N8756S,HNL,14:25,15:57,60.0,64.0,92.0,16:11,14.0,0.0,0.0,4.0,0.0,92.0
WN,05/29/2021,990.0,N8715Q,HNL,18:30,19:09,50.0,54.0,39.0,19:21,12.0,3.0,0.0,4.0,0.0,36.0
WN,05/29/2023,1247.0,N8734Q,HNL,08:40,09:32,55.0,71.0,52.0,09:51,19.0,0.0,0.0,68.0,0.0,0.0
WN,05/29/2023,1420.0,N8758L,HNL,06:30,06:56,55.0,51.0,26.0,07:06,10.0,0.0,0.0,0.0,22.0,0.0
WN,05/29/2023,1569.0,N8758L,HNL,14:25,14:42,60.0,53.0,17.0,14:52,10.0,0.0,0.0,0.0,0.0,0.0
WN,05/31/2022,1900.0,N8325D,HNL,13:40,13:55,60.0,54.0,15.0,14:03,8.0,0.0,0.0,0.0,0.0,0.0
WN,05/31/2023,1247.0,N8720L,HNL,08:40,08:59,55.0,55.0,19.0,09:09,10.0,0.0,0.0,2.0,0.0,17.0
WN,06/01/2023,1250.0,N8779Q,HNL,12:45,13:50,60.0,56.0,65.0,14:00,10.0,0.0,0.0,0.0,0.0,61.0
WN,06/03/2020,174.0,N8313F,HNL,10:00,11:39,60.0,41.0,99.0,11:45,6.0,0.0,0.0,0.0,0.0,80.0
WN,06/11/2022,1162.0,N8745K,HNL,08:30,09:06,55.0,51.0,36.0,09:17,11.0,0.0,0.0,0.0,0.0,32.0
WN,06/12/2023,1153.0,N8797Q,HNL,08:40,09:12,55.0,56.0,32.0,09:22,10.0,32.0,0.0,1.0,0.0,0.0
WN,06/14/2021,2206.0,N8316H,HNL,18:30,18:56,50.0,46.0,26.0,19:04,8.0,0.0,0.0,0.0,0.0,22.0
WN,06/14/2023,1486.0,N8322X,HNL,18:15,18:34,55.0,48.0,19.0,18:42,8.0,0.0,0.0,0.0,0.0,0.0
WN,06/15/2021,1082.0,N8326F,HNL,07:00,08:36,50.0,49.0,96.0,08:44,8.0,95.0,0.0,0.0,0.0,0.0
WN,06/15/2021,2204.0,N8708Q,HNL,14:40,15:45,55.0,50.0,65.0,15:53,8.0,0.0,0.0,0.0,0.0,60.0
WN,06/15/2021,2206.0,N8708Q,HNL,18:30,19:07,50.0,49.0,37.0,19:18,11.0,0.0,0.0,0.0,0.0,36.0
WN,06/16/2021,2206.0,N8311Q,HNL,18:30,18:51,50.0,51.0,21.0,18:59,8.0,0.0,0.0,1.0,0.0,21.0
WN,06/16/2023,1486.0,N1810U,HNL,18:15,18:46,55.0,55.0,31.0,18:57,11.0,0.0,0.0,5.0,0.0,26.0
WN,06/18/2021,2204.0,N8716B,HNL,14:40,16:00,55.0,52.0,80.0,16:10,10.0,0.0,0.0,0.0,0.0,77.0
WN,06/18/2021,2206.0,N8716B,HNL,18:30,19:12,50.0,53.0,42.0,19:22,10.0,0.0,0.0,3.0,0.0,42.0
WN,06/19/2020,560.0,N8320J,HNL,18:00,18:21,55.0,47.0,21.0,18:29,8.0,0.0,0.0,0.0,0.0,0.0
WN,06/19/2021,1660.0,N8712L,HNL,10:10,11:47,50.0,59.0,97.0,11:58,11.0,0.0,0.0,9.0,0.0,97.0
WN,06/19/2021,2206.0,N8712L,HNL,18:30,20:08,50.0,56.0,98.0,20:19,11.0,0.0,0.0,6.0,0.0,98.0
WN,06/19/2022,1400.0,N8741L,HNL,17:45,19:29,55.0,51.0,104.0,19:40,11.0,0.0,0.0,0.0,0.0,100.0
WN,06/21/2021,1660.0,N8710M,HNL,10:10,10:59,50.0,56.0,49.0,11:09,10.0,0.0,0.0,6.0,0.0,49.0
WN,06/22/2022,1177.0,N8311Q,HNL,11:10,12:17,55.0,51.0,67.0,12:25,8.0,0.0,0.0,0.0,0.0,63.0
WN,06/25/2022,1177.0,N8701Q,HNL,11:10,11:36,55.0,55.0,26.0,11:49,13.0,26.0,0.0,0.0,0.0,0.0
WN,06/26/2022,1177.0,N8726H,HNL,11:10,12:05,55.0,55.0,55.0,12:17,12.0,2.0,0.0,0.0,0.0,53.0
WN,06/30/2022,1162.0,N8746Q,HNL,08:30,09:00,55.0,55.0,30.0,09:11,11.0,0.0,0.0,0.0,0.0,30.0
WN,07/01/2022,1400.0,N8313F,HNL,17:45,18:45,55.0,51.0,60.0,18:54,9.0,0.0,0.0,0.0,0.0,56.0
WN,07/02/2022,1400.0,N8720L,HNL,17:45,19:42,55.0,51.0,117.0,19:52,10.0,0.0,0.0,0.0,0.0,113.0
WN,07/03/2021,2206.0,N8311Q,HNL,18:30,20:28,50.0,57.0,118.0,20:35,7.0,0.0,0.0,7.0,0.0,118.0
WN,07/03/2022,1355.0,N8724J,HNL,06:15,06:45,55.0,54.0,30.0,06:57,12.0,29.0,0.0,0.0,0.0,0.0
WN,07/04/2020,714.0,N8325D,HNL,10:00,10:32,55.0,54.0,32.0,10:44,12.0,3.0,0.0,0.0,0.0,28.0
WN,07/05/2022,1162.0,N8736J,HNL,08:30,08:49,55.0,54.0,19.0,09:01,12.0,0.0,0.0,0.0,18.0,0.0
WN,07/05/2022,1400.0,N8301J,HNL,17:45,18:19,55.0,49.0,34.0,18:28,9.0,0.0,0.0,0.0,0.0,28.0
WN,07/05/2023,2108.0,N8765Q,HNL,14:35,15:21,60.0,55.0,46.0,15:31,10.0,0.0,0.0,0.0,0.0,41.0
WN,07/07/2023,1153.0,N8736J,HNL,08:40,09:15,55.0,81.0,35.0,09:48,33.0,0.0,0.0,26.0,0.0,35.0
WN,07/08/2020,940.0,N8316H,HNL,19:35,19:52,55.0,43.0,17.0,19:58,6.0,0.0,0.0,0.0,0.0,0.0
WN,07/10/2022,1400.0,N8313F,HNL,17:45,18:15,55.0,51.0,30.0,18:24,9.0,0.0,0.0,0.0,0.0,26.0
WN,07/10/2023,2108.0,N8725L,HNL,14:35,14:53,60.0,54.0,18.0,15:03,10.0,0.0,0.0,0.0,0.0,0.0
WN,07/12/2020,940.0,N8302F,HNL,19:35,20:30,55.0,47.0,55.0,20:38,8.0,47.0,0.0,0.0,0.0,0.0
WN,07/14/2021,1082.0,N8701Q,HNL,07:00,07:31,50.0,48.0,31.0,07:40,9.0,29.0,0.0,0.0,0.0,0.0
WN,07/15/2021,2204.0,N8731J,HNL,14:45,17:18,50.0,48.0,153.0,17:27,9.0,0.0,0.0,0.0,0.0,151.0
WN,07/15/2021,2206.0,N8731J,HNL,18:30,20:17,50.0,50.0,107.0,20:26,9.0,0.0,0.0,0.0,0.0,107.0
WN,07/16/2021,1082.0,N8748Q,HNL,07:00,08:46,50.0,51.0,106.0,08:56,10.0,106.0,0.0,1.0,0.0,0.0
WN,07/16/2021,2204.0,N8748Q,HNL,14:45,15:02,50.0,52.0,17.0,15:14,12.0,0.0,0.0,2.0,0.0,17.0
WN,07/16/2022,1400.0,N8314L,HNL,17:45,18:25,55.0,50.0,40.0,18:34,9.0,0.0,0.0,0.0,0.0,35.0
WN,07/17/2022,1177.0,N8741L,HNL,11:10,12:25,55.0,53.0,75.0,12:34,9.0,0.0,0.0,73.0,0.0,0.0
WN,07/18/2021,2204.0,N8306H,HNL,14:45,15:55,50.0,46.0,70.0,16:02,7.0,0.0,0.0,0.0,0.0,66.0
WN,07/18/2021,2206.0,N8306H,HNL,18:30,19:02,50.0,44.0,32.0,19:10,8.0,0.0,0.0,0.0,0.0,26.0
WN,07/18/2022,1177.0,N8312C,HNL,11:10,11:30,55.0,53.0,20.0,11:40,10.0,5.0,0.0,0.0,0.0,13.0
WN,07/19/2021,2206.0,N8748Q,HNL,18:30,18:46,50.0,50.0,16.0,18:56,10.0,1.0,0.0,0.0,0.0,15.0
WN,07/20/2020,940.0,N8317M,HNL,19:35,22:36,55.0,48.0,181.0,22:45,9.0,174.0,0.0,0.0,0.0,0.0
WN,07/21/2023,1165.0,N8758L,HNL,08:40,08:57,60.0,58.0,17.0,09:10,13.0,0.0,0.0,0.0,0.0,15.0
WN,07/22/2021,2206.0,N8731J,HNL,18:30,21:10,50.0,58.0,160.0,21:18,8.0,0.0,0.0,8.0,0.0,160.0
WN,07/23/2021,1082.0,N8710M,HNL,07:00,07:32,50.0,51.0,32.0,07:42,10.0,32.0,0.0,1.0,0.0,0.0
WN,07/24/2021,2206.0,N8731J,HNL,18:30,18:48,50.0,49.0,18.0,18:57,9.0,0.0,0.0,0.0,0.0,17.0
WN,07/25/2020,714.0,N8307K,HNL,10:00,11:12,55.0,57.0,72.0,11:24,12.0,0.0,0.0,2.0,0.0,72.0
WN,07/25/2022,1162.0,N8724J,HNL,08:30,09:03,55.0,51.0,33.0,09:13,10.0,0.0,0.0,0.0,0.0,29.0
WN,07/26/2022,1400.0,N8739L,HNL,17:45,19:48,55.0,52.0,123.0,19:58,10.0,0.0,0.0,0.0,0.0,120.0
WN,07/28/2020,813.0,N8329B,HNL,07:00,07:57,55.0,50.0,57.0,08:07,10.0,52.0,0.0,0.0,0.0,0.0
WN,07/30/2023,2901.0,N8716B,HNL,18:10,18:35,60.0,53.0,25.0,18:45,10.0,0.0,0.0,0.0,0.0,18.0
WN,07/31/2021,2204.0,N8307K,HNL,14:45,18:52,50.0,51.0,247.0,19:00,8.0,0.0,0.0,1.0,0.0,247.0
WN,07/31/2021,2206.0,N8307K,HNL,18:30,22:23,50.0,48.0,233.0,22:31,8.0,0.0,0.0,0.0,0.0,231.0
WN,08/02/2021,1082.0,N8318F,HNL,07:00,07:17,50.0,49.0,17.0,07:25,8.0,0.0,0.0,0.0,16.0,0.0
WN,08/04/2021,2204.0,N8741L,HNL,14:45,15:14,50.0,49.0,29.0,15:24,10.0,0.0,0.0,0.0,0.0,28.0
WN,08/04/2023,2108.0,N8709Q,HNL,14:30,15:07,60.0,52.0,37.0,15:17,10.0,0.0,0.0,0.0,0.0,29.0
WN,08/05/2022,1400.0,N8717M,HNL,17:45,18:09,55.0,52.0,24.0,18:20,11.0,0.0,0.0,0.0,0.0,21.0
WN,08/06/2023,1165.0,N8740A,HNL,08:40,08:57,60.0,51.0,17.0,09:09,12.0,0.0,0.0,0.0,0.0,0.0
WN,08/07/2022,1400.0,N8751R,HNL,17:45,18:14,55.0,54.0,29.0,18:23,9.0,10.0,0.0,0.0,0.0,18.0
WN,08/07/2023,1165.0,N8740A,HNL,08:40,09:02,60.0,49.0,22.0,09:11,9.0,0.0,0.0,0.0,0.0,0.0
WN,08/07/2023,2108.0,N8712L,HNL,14:30,15:17,60.0,62.0,47.0,15:30,13.0,45.0,0.0,2.0,0.0,2.0
WN,08/08/2023,2108.0,N8778Q,HNL,14:30,15:18,60.0,59.0,48.0,15:30,12.0,0.0,0.0,0.0,0.0,47.0
WN,08/09/2021,1660.0,N8309C,HNL,10:10,12:20,50.0,47.0,130.0,12:28,8.0,114.0,0.0,0.0,0.0,13.0
WN,08/12/2023,2108.0,N8720L,HNL,14:30,15:31,60.0,53.0,61.0,15:41,10.0,54.0,0.0,0.0,0.0,0.0
WN,08/14/2021,2204.0,N8737L,HNL,14:45,15:18,50.0,54.0,33.0,15:28,10.0,0.0,0.0,4.0,0.0,33.0
WN,08/14/2022,1355.0,N8317M,HNL,06:15,06:48,55.0,48.0,33.0,06:57,9.0,26.0,0.0,0.0,0.0,0.0
WN,08/18/2021,2204.0,N8326F,HNL,14:45,15:12,50.0,43.0,27.0,15:18,6.0,0.0,0.0,0.0,0.0,20.0
WN,08/20/2023,749.0,N8788L,HNL,19:15,19:58,60.0,52.0,43.0,20:08,10.0,35.0,0.0,0.0,0.0,0.0
WN,08/27/2023,2053.0,N8782Q,HNL,16:45,17:25,60.0,54.0,40.0,17:36,11.0,0.0,0.0,0.0,0.0,34.0
WN,08/28/2022,1177.0,N8312C,HNL,11:10,11:36,55.0,50.0,26.0,11:47,11.0,0.0,0.0,0.0,0.0,21.0
WN,08/30/2021,1660.0,N8309C,HNL,10:10,10:37,50.0,52.0,27.0,10:44,7.0,0.0,0.0,2.0,0.0,27.0
WN,09/01/2022,1177.0,N8319F,HNL,11:10,11:38,55.0,52.0,28.0,11:48,10.0,5.0,0.0,0.0,0.0,20.0
WN,09/04/2022,1400.0,N8309C,HNL,17:45,19:19,55.0,49.0,94.0,19:28,9.0,0.0,0.0,0.0,0.0,88.0
WN,09/12/2022,590.0,N8751R,HNL,14:25,14:52,60.0,54.0,27.0,15:05,13.0,0.0,0.0,0.0,0.0,21.0
WN,09/18/2020,979.0,N8326F,HNL,14:05,14:42,55.0,45.0,37.0,14:50,8.0,27.0,0.0,0.0,0.0,0.0
WN,09/20/2022,590.0,N8741L,HNL,14:25,14:40,60.0,51.0,15.0,14:50,10.0,0.0,0.0,0.0,0.0,0.0
WN,09/24/2020,979.0,N8308K,HNL,14:05,14:48,55.0,48.0,43.0,14:55,7.0,0.0,0.0,36.0,0.0,0.0
WN,09/27/2021,4617.0,N8740A,HNL,14:05,14:31,50.0,52.0,26.0,14:41,10.0,0.0,0.0,2.0,0.0,26.0
WN,09/28/2022,1086.0,N8741L,HNL,08:40,09:02,55.0,50.0,22.0,09:15,13.0,0.0,0.0,0.0,0.0,17.0
WN,10/06/2022,590.0,N8321D,HNL,14:25,14:57,60.0,55.0,32.0,15:09,12.0,2.0,0.0,0.0,0.0,25.0
WN,10/07/2022,590.0,N8781Q,HNL,14:25,15:24,60.0,51.0,59.0,15:34,10.0,0.0,0.0,0.0,0.0,50.0
WN,10/07/2022,2404.0,N8781Q,HNL,18:15,18:41,55.0,58.0,26.0,18:51,10.0,0.0,0.0,3.0,0.0,26.0
WN,10/08/2022,590.0,N8755L,HNL,14:25,15:12,60.0,53.0,47.0,15:23,11.0,3.0,0.0,0.0,0.0,37.0
WN,10/08/2022,2404.0,N8755L,HNL,18:15,18:34,55.0,50.0,19.0,18:43,9.0,0.0,0.0,0.0,0.0,0.0
WN,10/09/2021,1600.0,N8306H,HNL,17:30,17:53,50.0,48.0,23.0,18:00,7.0,0.0,0.0,0.0,0.0,21.0
WN,10/09/2021,4617.0,N8718Q,HNL,14:05,14:30,50.0,54.0,25.0,14:42,12.0,0.0,0.0,4.0,0.0,25.0
WN,10/09/2022,590.0,N8327A,HNL,14:25,16:10,60.0,54.0,105.0,16:22,12.0,51.0,0.0,0.0,0.0,48.0
WN,10/09/2022,2404.0,N8327A,HNL,18:15,20:00,55.0,50.0,105.0,20:08,8.0,5.0,0.0,0.0,0.0,95.0
WN,10/10/2021,1600.0,N8328A,HNL,17:30,20:41,50.0,58.0,191.0,20:51,10.0,148.0,0.0,8.0,0.0,43.0
WN,10/10/2022,590.0,N8742M,HNL,14:25,14:47,60.0,53.0,22.0,14:57,10.0,2.0,0.0,0.0,0.0,13.0
WN,10/10/2022,1088.0,N8763L,HNL,12:15,12:36,60.0,57.0,21.0,12:50,14.0,18.0,0.0,0.0,0.0,0.0
WN,10/11/2021,4617.0,N8732S,HNL,14:05,15:02,50.0,50.0,57.0,15:13,11.0,0.0,0.0,0.0,0.0,57.0
WN,10/13/2021,1600.0,N8713M,HNL,17:30,18:08,50.0,49.0,38.0,18:17,9.0,0.0,0.0,0.0,0.0,37.0
WN,10/15/2022,590.0,N8781Q,HNL,14:25,15:04,60.0,53.0,39.0,15:14,10.0,0.0,0.0,0.0,0.0,32.0
WN,10/21/2022,590.0,N8705Q,HNL,14:25,14:45,60.0,53.0,20.0,14:54,9.0,0.0,0.0,0.0,0.0,0.0
WN,10/21/2022,2404.0,N8705Q,HNL,18:15,18:48,55.0,51.0,33.0,18:57,9.0,0.0,0.0,0.0,0.0,29.0
WN,10/22/2021,1600.0,N8309C,HNL,17:30,18:04,50.0,46.0,34.0,18:10,6.0,0.0,0.0,0.0,0.0,30.0
WN,10/22/2021,4617.0,N8309C,HNL,14:05,14:27,50.0,48.0,22.0,14:34,7.0,4.0,0.0,0.0,0.0,16.0
WN,10/27/2021,1161.0,N8314L,HNL,10:10,10:42,50.0,49.0,32.0,10:50,8.0,0.0,0.0,0.0,0.0,31.0
WN,10/30/2021,1600.0,N8704Q,HNL,17:30,17:45,50.0,58.0,15.0,17:55,10.0,14.0,0.0,8.0,0.0,1.0
WN,10/30/2021,4617.0,N8715Q,HNL,14:05,14:30,50.0,58.0,25.0,14:42,12.0,0.0,0.0,8.0,0.0,25.0
WN,10/31/2021,1600.0,N8308K,HNL,17:30,19:08,50.0,65.0,98.0,19:26,18.0,0.0,0.0,15.0,0.0,98.0
WN,10/31/2021,4617.0,N8704Q,HNL,14:05,14:28,50.0,48.0,23.0,14:36,8.0,0.0,0.0,0.0,0.0,21.0
WN,11/01/2020,979.0,N8314L,HNL,15:05,16:15,55.0,54.0,70.0,16:25,10.0,0.0,0.0,0.0,0.0,69.0
WN,11/02/2021,4617.0,N8749Q,HNL,14:05,14:46,50.0,59.0,41.0,15:00,14.0,40.0,0.0,9.0,0.0,1.0
WN,11/06/2021,1600.0,N8726H,HNL,17:30,19:33,50.0,53.0,123.0,19:45,12.0,0.0,0.0,3.0,0.0,123.0
WN,11/06/2021,4617.0,N8715Q,HNL,14:05,14:25,50.0,53.0,20.0,14:36,11.0,0.0,0.0,3.0,0.0,20.0
WN,11/06/2022,1364.0,N8732S,HNL,06:20,07:12,55.0,51.0,52.0,07:21,9.0,48.0,0.0,0.0,0.0,0.0
WN,11/08/2021,1852.0,N8706W,HNL,14:45,15:29,50.0,51.0,44.0,15:41,12.0,0.0,0.0,1.0,38.0,6.0
WN,11/08/2022,2365.0,N8715Q,HNL,19:15,19:35,55.0,55.0,20.0,19:45,10.0,0.0,0.0,0.0,0.0,20.0
WN,11/11/2022,2494.0,N8768Q,HNL,15:25,15:50,60.0,57.0,25.0,16:02,12.0,1.0,0.0,0.0,0.0,21.0
WN,11/13/2022,2494.0,N8307K,HNL,15:25,15:53,60.0,61.0,28.0,16:05,12.0,1.0,0.0,1.0,0.0,27.0
WN,11/16/2022,1168.0,N8730Q,HNL,12:15,12:31,60.0,57.0,16.0,12:41,10.0,0.0,0.0,0.0,0.0,0.0
WN,11/17/2021,1852.0,N8303R,HNL,14:45,16:10,50.0,60.0,85.0,16:21,11.0,0.0,0.0,10.0,0.0,85.0
WN,11/20/2022,2494.0,N8735L,HNL,15:25,15:47,60.0,60.0,22.0,15:59,12.0,0.0,0.0,0.0,0.0,22.0
WN,11/22/2021,858.0,N8746Q,HNL,06:20,06:36,50.0,49.0,16.0,06:45,9.0,0.0,0.0,0.0,15.0,0.0
WN,11/23/2020,726.0,N8325D,HNL,07:35,08:06,55.0,48.0,31.0,08:14,8.0,24.0,0.0,0.0,0.0,0.0
WN,11/24/2022,2365.0,N8739L,HNL,19:15,22:04,55.0,57.0,169.0,22:18,14.0,0.0,0.0,2.0,0.0,169.0
WN,11/24/2022,2494.0,N8735L,HNL,15:25,15:42,60.0,58.0,17.0,15:56,14.0,0.0,0.0,0.0,0.0,15.0
WN,11/30/2021,1852.0,N8750Q,HNL,14:45,16:01,50.0,55.0,76.0,16:12,11.0,2.0,0.0,5.0,0.0,74.0
WN,12/01/2022,2494.0,N8734Q,HNL,15:25,16:08,60.0,71.0,43.0,16:35,27.0,0.0,0.0,11.0,0.0,43.0
WN,12/02/2022,2494.0,N8770Q,HNL,15:25,16:32,60.0,56.0,67.0,16:43,11.0,0.0,0.0,0.0,0.0,63.0
WN,12/03/2022,1166.0,N8318F,HNL,08:40,09:13,55.0,62.0,33.0,09:30,17.0,0.0,0.0,7.0,0.0,33.0
WN,12/03/2022,1168.0,N8318F,HNL,12:15,12:40,60.0,56.0,25.0,12:49,9.0,0.0,0.0,0.0,0.0,21.0
WN,12/03/2022,2494.0,N8779Q,HNL,15:25,15:53,60.0,59.0,28.0,16:04,11.0,0.0,0.0,0.0,0.0,27.0
WN,12/04/2022,2494.0,N8733M,HNL,15:25,17:26,60.0,64.0,121.0,17:41,15.0,0.0,0.0,4.0,0.0,121.0
WN,12/06/2021,858.0,N8728Q,HNL,06:20,09:37,50.0,56.0,197.0,09:49,12.0,197.0,0.0,6.0,0.0,0.0
WN,12/06/2021,1852.0,N8713M,HNL,14:45,15:10,50.0,71.0,25.0,15:24,14.0,1.0,0.0,21.0,0.0,24.0
WN,12/06/2022,1166.0,N8757L,HNL,08:40,09:34,55.0,58.0,54.0,09:47,13.0,54.0,0.0,3.0,0.0,0.0
WN,12/06/2022,1168.0,N8757L,HNL,12:15,12:41,60.0,48.0,26.0,12:51,10.0,0.0,0.0,0.0,0.0,0.0
WN,12/07/2020,594.0,N8328A,HNL,17:30,20:02,60.0,50.0,152.0,20:10,8.0,0.0,0.0,0.0,0.0,142.0
WN,12/07/2021,858.0,N8326F,HNL,06:20,06:41,50.0,47.0,21.0,06:49,8.0,18.0,0.0,0.0,0.0,0.0
WN,12/07/2021,1852.0,N8719Q,HNL,14:45,15:15,50.0,66.0,30.0,15:25,10.0,12.0,0.0,16.0,0.0,18.0
WN,12/07/2022,2494.0,N8705Q,HNL,15:25,16:19,60.0,61.0,54.0,16:28,9.0,54.0,0.0,1.0,0.0,0.0
WN,12/09/2022,2494.0,N8770Q,HNL,15:25,15:45,60.0,52.0,20.0,15:56,11.0,0.0,0.0,0.0,0.0,0.0
WN,12/10/2021,1847.0,N8708Q,HNL,10:10,10:35,50.0,52.0,25.0,10:44,9.0,25.0,0.0,2.0,0.0,0.0
WN,12/10/2022,2365.0,N8723Q,HNL,19:15,20:37,55.0,53.0,82.0,20:47,10.0,0.0,0.0,0.0,0.0,80.0
WN,12/10/2022,2494.0,N8311Q,HNL,15:25,15:40,60.0,53.0,15.0,15:49,9.0,0.0,0.0,0.0,0.0,0.0
WN,12/11/2021,1852.0,N8320J,HNL,14:45,15:26,50.0,48.0,41.0,15:34,8.0,0.0,0.0,0.0,0.0,39.0
WN,12/11/2022,1166.0,N8773Q,HNL,08:40,09:01,55.0,52.0,21.0,09:12,11.0,0.0,0.0,0.0,0.0,18.0
WN,12/12/2022,2494.0,N1806U,HNL,15:25,15:51,60.0,54.0,26.0,16:03,12.0,0.0,0.0,0.0,0.0,20.0
WN,12/13/2021,1852.0,N8747Q,HNL,14:45,15:12,50.0,52.0,27.0,15:22,10.0,0.0,0.0,2.0,0.0,27.0
WN,12/16/2022,2494.0,N8782Q,HNL,15:25,15:52,60.0,52.0,27.0,16:02,10.0,1.0,0.0,0.0,0.0,18.0
WN,12/17/2022,1364.0,N8725L,HNL,06:20,06:35,55.0,54.0,15.0,06:47,12.0,0.0,0.0,0.0,0.0,0.0
WN,12/17/2022,2494.0,N8744B,HNL,15:25,15:40,60.0,58.0,15.0,16:00,20.0,0.0,0.0,0.0,0.0,0.0
WN,12/18/2021,1847.0,N8735L,HNL,10:10,11:28,50.0,59.0,78.0,11:44,16.0,7.0,0.0,9.0,0.0,71.0
WN,12/18/2021,1852.0,N8732S,HNL,14:45,15:21,50.0,56.0,36.0,15:37,16.0,0.0,0.0,6.0,0.0,36.0
WN,12/18/2022,1168.0,N8738K,HNL,12:15,13:02,60.0,68.0,47.0,13:16,14.0,0.0,0.0,40.0,0.0,15.0
WN,12/18/2022,2365.0,N8791D,HNL,19:15,19:43,55.0,60.0,28.0,19:54,11.0,0.0,0.0,5.0,0.0,28.0
WN,12/18/2022,2494.0,N8319F,HNL,15:25,15:52,60.0,57.0,27.0,16:02,10.0,0.0,0.0,0.0,0.0,24.0
WN,12/19/2021,1852.0,N8723Q,HNL,14:45,15:13,50.0,54.0,28.0,15:25,12.0,0.0,0.0,4.0,0.0,28.0
WN,12/19/2022,1168.0,N8786Q,HNL,12:15,12:44,60.0,76.0,29.0,12:55,11.0,0.0,0.0,16.0,0.0,29.0
WN,12/19/2022,2365.0,N8766T,HNL,19:15,21:16,55.0,59.0,121.0,21:27,11.0,0.0,0.0,4.0,0.0,121.0
WN,12/19/2022,2494.0,N8766T,HNL,15:25,16:55,60.0,109.0,90.0,17:15,20.0,0.0,0.0,49.0,0.0,90.0
WN,12/20/2021,1852.0,N8720L,HNL,14:45,15:45,50.0,53.0,60.0,15:55,10.0,23.0,0.0,3.0,0.0,37.0
WN,12/20/2022,1168.0,N8744B,HNL,12:15,12:31,60.0,74.0,16.0,12:53,22.0,0.0,0.0,14.0,0.0,16.0
WN,12/20/2022,2365.0,N8743K,HNL,19:15,19:32,55.0,58.0,17.0,19:41,9.0,0.0,0.0,3.0,0.0,17.0
WN,12/20/2022,2494.0,N8732S,HNL,15:25,16:12,60.0,58.0,47.0,16:22,10.0,0.0,0.0,0.0,0.0,45.0
WN,12/21/2021,1847.0,N8712L,HNL,10:10,12:57,50.0,58.0,167.0,13:09,12.0,0.0,0.0,8.0,0.0,167.0
WN,12/21/2021,1852.0,N8739L,HNL,14:45,15:29,50.0,59.0,44.0,15:37,8.0,0.0,0.0,9.0,0.0,44.0
WN,12/21/2021,2326.0,N8318F,HNL,18:30,19:25,50.0,49.0,55.0,19:33,8.0,0.0,0.0,0.0,0.0,54.0
WN,12/21/2022,1168.0,N8743K,HNL,12:15,12:31,60.0,54.0,16.0,12:40,9.0,0.0,0.0,0.0,0.0,0.0
WN,12/21/2022,2494.0,N8791D,HNL,15:25,16:02,60.0,57.0,37.0,16:13,11.0,0.0,0.0,0.0,0.0,34.0
WN,12/22/2021,1852.0,N8704Q,HNL,14:45,15:04,50.0,56.0,19.0,15:12,8.0,0.0,0.0,6.0,0.0,19.0
WN,12/22/2022,2365.0,N8716B,HNL,19:15,19:56,55.0,55.0,41.0,20:07,11.0,0.0,0.0,0.0,0.0,41.0
WN,12/22/2022,2494.0,N8324A,HNL,15:25,16:06,60.0,70.0,41.0,16:26,20.0,5.0,0.0,10.0,0.0,36.0
WN,12/23/2021,1852.0,N8744B,HNL,14:45,15:12,50.0,56.0,27.0,15:27,15.0,17.0,0.0,6.0,0.0,10.0
WN,12/23/2021,2326.0,N8322X,HNL,18:30,18:45,50.0,45.0,15.0,18:51,6.0,0.0,0.0,0.0,0.0,0.0
WN,12/23/2022,2365.0,N8760L,HNL,19:15,19:50,55.0,54.0,35.0,19:59,9.0,0.0,0.0,0.0,0.0,34.0
WN,12/23/2022,2494.0,N8726H,HNL,15:25,16:30,60.0,57.0,65.0,16:41,11.0,1.0,0.0,0.0,0.0,61.0
WN,12/24/2021,1847.0,N8322X,HNL,10:10,11:50,50.0,52.0,100.0,11:59,9.0,0.0,0.0,2.0,0.0,100.0
WN,12/24/2021,1852.0,N8745K,HNL,14:45,15:11,50.0,49.0,26.0,15:20,9.0,0.0,0.0,0.0,0.0,25.0
WN,12/24/2022,2365.0,N8726H,HNL,19:15,20:21,55.0,53.0,66.0,20:32,11.0,0.0,0.0,0.0,0.0,64.0
WN,12/24/2022,2494.0,N1801U,HNL,15:25,17:07,60.0,54.0,102.0,17:16,9.0,0.0,0.0,0.0,0.0,96.0
WN,12/25/2021,1852.0,N8720L,HNL,14:45,15:01,50.0,50.0,16.0,15:09,8.0,1.0,0.0,0.0,0.0,15.0
WN,12/25/2022,2365.0,N8710M,HNL,19:15,20:44,55.0,51.0,89.0,20:55,11.0,0.0,0.0,0.0,0.0,85.0
WN,12/26/2022,1166.0,N8302F,HNL,08:40,13:48,55.0,46.0,308.0,13:55,7.0,28.0,0.0,0.0,0.0,271.0
WN,12/26/2022,1168.0,N8302F,HNL,12:15,17:29,60.0,48.0,314.0,17:37,8.0,12.0,0.0,0.0,0.0,290.0
WN,12/26/2022,2365.0,N8777Q,HNL,19:15,22:40,55.0,49.0,205.0,22:49,9.0,0.0,0.0,0.0,0.0,199.0
WN,12/26/2022,2494.0,N8710M,HNL,15:25,19:27,60.0,52.0,242.0,19:37,10.0,2.0,0.0,0.0,0.0,232.0
WN,12/27/2020,726.0,N8311Q,HNL,07:35,08:31,55.0,47.0,56.0,08:39,8.0,48.0,0.0,0.0,0.0,0.0
WN,12/27/2021,1852.0,N8732S,HNL,14:45,15:07,50.0,50.0,22.0,15:16,9.0,17.0,0.0,0.0,0.0,5.0
WN,12/27/2022,1168.0,N8752Q,HNL,12:15,12:40,60.0,55.0,25.0,12:52,12.0,4.0,0.0,0.0,0.0,16.0
WN,12/28/2022,1166.0,N8745K,HNL,08:40,10:30,55.0,48.0,110.0,10:39,9.0,7.0,0.0,0.0,0.0,96.0
WN,12/28/2022,1168.0,N8745K,HNL,12:15,15:19,60.0,53.0,184.0,15:28,9.0,0.0,0.0,0.0,0.0,177.0
WN,12/28/2022,2365.0,N8747Q,HNL,19:15,21:23,55.0,58.0,128.0,21:33,10.0,79.0,0.0,3.0,0.0,49.0
WN,12/29/2021,1852.0,N8750Q,HNL,14:45,15:28,50.0,54.0,43.0,15:38,10.0,5.0,0.0,4.0,0.0,38.0
WN,12/30/2021,858.0,N8723Q,HNL,06:20,06:39,50.0,56.0,19.0,06:52,13.0,19.0,0.0,6.0,0.0,0.0
WN,12/30/2021,1847.0,N8308K,HNL,10:10,10:45,50.0,58.0,35.0,10:52,7.0,1.0,0.0,8.0,0.0,34.0
WN,12/30/2021,1852.0,N8741L,HNL,14:45,15:39,50.0,51.0,54.0,15:49,10.0,7.0,0.0,1.0,0.0,47.0
WN,12/30/2021,2326.0,N8322X,HNL,18:30,18:56,50.0,52.0,26.0,19:06,10.0,0.0,0.0,2.0,0.0,26.0
WN,12/30/2022,2365.0,N8765Q,HNL,19:15,19:33,55.0,52.0,18.0,19:42,9.0,0.0,0.0,0.0,0.0,15.0
WN,12/30/2022,2494.0,N8727M,HNL,15:25,18:50,60.0,52.0,205.0,19:00,10.0,0.0,0.0,0.0,0.0,197.0
WN,12/31/2022,2365.0,N8724J,HNL,19:15,20:00,55.0,47.0,45.0,20:10,10.0,0.0,0.0,0.0,0.0,37.0
WN,12/31/2022,2494.0,N8766T,HNL,15:25,16:10,60.0,56.0,45.0,16:19,9.0,0.0,0.0,0.0,0.0,41.0
UA,01/03/2023,1706.0,N78509,LAX,23:59,00:35,318.0,288.0,36.0,00:46,11.0,0.0,0.0,0.0,0.0,0.0
UA,01/04/2023,1706.0,N77536,LAX,23:52,15:04,318.0,284.0,912.0,15:17,13.0,637.0,0.0,0.0,0.0,241.0
UA,01/05/2020,1706.0,N14240,LAX,22:25,22:58,304.0,310.0,33.0,23:14,16.0,33.0,0.0,6.0,0.0,0.0
UA,01/05/2023,1706.0,N76532,LAX,23:52,00:12,318.0,0.0,20.0,00:53,41.0,0.0,0.0,0.0,0.0,0.0
UA,01/14/2020,1706.0,N36207,LAX,22:15,22:30,308.0,292.0,15.0,22:42,12.0,0.0,0.0,0.0,0.0,0.0
UA,01/27/2022,1706.0,N69835,LAX,22:28,22:53,312.0,323.0,25.0,23:13,20.0,25.0,0.0,11.0,0.0,0.0
UA,02/04/2020,1706.0,N37287,LAX,22:15,22:54,308.0,0.0,39.0,23:06,12.0,0.0,0.0,0.0,0.0,0.0
UA,02/12/2019,1706.0,N76508,LAX,22:09,22:26,306.0,258.0,17.0,22:37,11.0,0.0,0.0,0.0,0.0,0.0
UA,02/13/2020,1706.0,N76533,LAX,22:21,23:10,308.0,337.0,49.0,23:27,17.0,49.0,0.0,29.0,0.0,0.0
UA,02/14/2019,1706.0,N87531,LAX,22:09,22:43,306.0,268.0,34.0,22:56,13.0,0.0,0.0,0.0,0.0,0.0
UA,02/25/2019,1706.0,N12225,LAX,22:09,23:27,306.0,303.0,78.0,23:40,13.0,13.0,0.0,0.0,0.0,62.0
UA,03/01/2019,1706.0,N76533,LAX,22:09,22:29,306.0,275.0,20.0,22:51,22.0,0.0,0.0,0.0,0.0,0.0
UA,03/02/2019,1706.0,N76526,LAX,22:09,23:03,306.0,288.0,54.0,23:23,20.0,0.0,0.0,0.0,0.0,36.0
UA,03/03/2022,1706.0,N66825,LAX,23:59,00:28,302.0,306.0,29.0,00:42,14.0,0.0,0.0,4.0,0.0,29.0
UA,03/04/2019,1706.0,N77261,LAX,22:09,23:07,306.0,0.0,58.0,23:18,11.0,0.0,0.0,0.0,0.0,0.0
UA,03/09/2019,1706.0,N77539,LAX,22:18,22:44,305.0,317.0,26.0,22:57,13.0,26.0,0.0,12.0,0.0,0.0
UA,03/11/2019,1706.0,N26208,LAX,21:18,21:41,305.0,298.0,23.0,21:53,12.0,16.0,0.0,0.0,0.0,0.0
UA,03/19/2019,1706.0,N33289,LAX,21:18,21:47,305.0,281.0,29.0,21:57,10.0,0.0,0.0,0.0,0.0,0.0
UA,03/20/2020,1706.0,N76514,LAX,21:20,22:24,305.0,290.0,64.0,22:46,22.0,8.0,0.0,0.0,0.0,41.0
UA,03/21/2019,1706.0,N76519,LAX,21:18,13:37,305.0,280.0,979.0,13:48,11.0,665.0,0.0,0.0,0.0,289.0
UA,03/22/2019,1706.0,N33292,LAX,21:18,21:48,305.0,287.0,30.0,22:15,27.0,0.0,0.0,0.0,0.0,0.0
UA,03/23/2019,1706.0,N76528,LAX,21:18,21:43,305.0,275.0,25.0,21:57,14.0,0.0,0.0,0.0,0.0,0.0
UA,03/28/2022,1706.0,N76516,LAX,22:40,22:56,308.0,301.0,16.0,23:08,12.0,0.0,0.0,0.0,0.0,0.0
UA,04/04/2019,1706.0,N37456,LAX,21:06,21:21,303.0,297.0,15.0,21:31,10.0,0.0,0.0,0.0,0.0,0.0
UA,04/13/2021,1706.0,N73276,LAX,22:50,00:35,307.0,298.0,105.0,00:49,14.0,89.0,0.0,0.0,0.0,7.0
UA,05/05/2022,1706.0,N77537,LAX,22:40,07:28,308.0,309.0,528.0,07:40,12.0,528.0,0.0,1.0,0.0,0.0
UA,05/17/2019,1706.0,N34460,LAX,21:15,22:12,305.0,282.0,57.0,22:23,11.0,0.0,0.0,0.0,0.0,34.0
UA,05/20/2021,1706.0,N73256,LAX,22:50,23:52,307.0,288.0,62.0,00:03,11.0,0.0,0.0,0.0,0.0,43.0
UA,05/28/2019,1706.0,N36444,LAX,21:15,21:58,305.0,293.0,43.0,22:10,12.0,0.0,0.0,0.0,0.0,31.0
UA,06/03/2021,1706.0,N62892,LAX,22:57,00:03,301.0,309.0,66.0,00:15,12.0,19.0,0.0,8.0,0.0,47.0
UA,06/09/2022,1706.0,N39418,LAX,22:45,23:19,314.0,320.0,34.0,23:34,15.0,34.0,0.0,6.0,0.0,0.0
UA,06/12/2021,1706.0,N38479,LAX,22:57,09:49,301.0,304.0,652.0,10:02,13.0,0.0,0.0,3.0,0.0,652.0
UA,06/12/2022,1706.0,N67846,LAX,22:45,23:09,314.0,323.0,24.0,23:23,14.0,24.0,0.0,9.0,0.0,0.0
UA,06/13/2021,1706.0,N76529,LAX,22:57,09:19,301.0,307.0,622.0,09:33,14.0,0.0,0.0,19.0,0.0,609.0
UA,06/15/2019,1706.0,N38268,LAX,21:59,22:21,305.0,319.0,22.0,22:32,11.0,10.0,0.0,14.0,0.0,12.0
UA,06/20/2022,1706.0,N77430,LAX,22:45,23:21,314.0,299.0,36.0,23:32,11.0,9.0,0.0,0.0,0.0,12.0
UA,06/22/2022,1706.0,N81449,LAX,22:45,23:04,314.0,324.0,19.0,23:31,27.0,19.0,0.0,10.0,0.0,0.0
UA,06/23/2019,1706.0,N73276,LAX,21:30,15:15,305.0,300.0,1065.0,15:28,13.0,809.0,0.0,0.0,0.0,251.0
UA,06/23/2022,1706.0,N53442,LAX,22:45,23:38,314.0,298.0,53.0,23:51,13.0,4.0,0.0,0.0,0.0,33.0
UA,06/24/2019,1706.0,N27239,LAX,21:30,00:20,303.0,323.0,170.0,00:40,20.0,0.0,0.0,20.0,0.0,170.0
UA,06/25/2022,1706.0,N69839,LAX,22:45,23:33,314.0,297.0,48.0,23:44,11.0,8.0,0.0,0.0,0.0,23.0
UA,06/27/2022,1706.0,N45440,LAX,22:45,01:22,314.0,331.0,157.0,01:36,14.0,16.0,0.0,17.0,0.0,141.0
UA,06/29/2022,1706.0,N69833,LAX,22:45,23:34,314.0,328.0,49.0,23:46,12.0,13.0,0.0,14.0,0.0,36.0
UA,07/01/2019,1706.0,N87512,LAX,21:30,22:27,303.0,284.0,57.0,22:38,11.0,1.0,0.0,0.0,0.0,37.0
UA,07/01/2021,1706.0,N38417,LAX,22:54,23:33,301.0,311.0,39.0,23:44,11.0,0.0,0.0,10.0,0.0,39.0
UA,07/03/2019,1706.0,N17245,LAX,21:30,21:55,303.0,0.0,25.0,22:12,17.0,0.0,0.0,0.0,0.0,0.0
UA,07/05/2022,1706.0,N69829,LAX,22:45,23:05,314.0,309.0,20.0,23:16,11.0,9.0,0.0,0.0,0.0,6.0
UA,07/06/2022,1706.0,N77430,LAX,22:45,23:00,314.0,286.0,15.0,23:14,14.0,0.0,0.0,0.0,0.0,0.0
UA,07/07/2019,1706.0,N76528,LAX,21:30,21:57,305.0,325.0,27.0,22:23,26.0,10.0,0.0,20.0,0.0,17.0
UA,07/07/2021,1706.0,N62849,LAX,22:50,23:12,301.0,309.0,22.0,23:24,12.0,22.0,0.0,8.0,0.0,0.0
UA,07/07/2022,1706.0,N36447,LAX,22:45,23:09,314.0,301.0,24.0,23:24,15.0,0.0,0.0,0.0,0.0,0.0
UA,07/08/2022,1706.0,N77430,LAX,22:45,23:58,314.0,309.0,73.0,00:18,20.0,68.0,0.0,0.0,0.0,0.0
UA,07/11/2022,1706.0,N66831,LAX,22:45,23:16,314.0,316.0,31.0,23:32,16.0,16.0,0.0,2.0,0.0,15.0
UA,07/12/2022,1706.0,N68452,LAX,22:45,23:00,314.0,310.0,15.0,23:14,14.0,0.0,0.0,0.0,0.0,0.0
UA,07/13/2021,1706.0,N69804,LAX,22:50,23:29,301.0,306.0,39.0,23:40,11.0,0.0,0.0,5.0,0.0,39.0
UA,07/13/2022,1706.0,N69847,LAX,22:45,23:01,314.0,310.0,16.0,23:22,21.0,0.0,0.0,0.0,0.0,0.0
UA,07/16/2022,1706.0,N37419,LAX,22:45,01:13,314.0,314.0,148.0,01:30,17.0,148.0,0.0,0.0,0.0,0.0
UA,07/17/2022,1706.0,N36447,LAX,22:45,00:16,314.0,310.0,91.0,00:27,11.0,17.0,0.0,0.0,0.0,70.0
UA,07/18/2022,1706.0,N66841,LAX,22:45,23:05,314.0,309.0,20.0,23:19,14.0,15.0,0.0,0.0,0.0,0.0
UA,07/20/2021,1706.0,N69885,LAX,22:50,00:01,301.0,299.0,71.0,00:12,11.0,18.0,0.0,0.0,0.0,51.0
UA,07/24/2022,1706.0,N78448,LAX,22:45,23:58,314.0,302.0,73.0,00:09,11.0,6.0,0.0,0.0,0.0,55.0
UA,07/25/2022,1706.0,N67845,LAX,22:45,23:07,314.0,312.0,22.0,23:19,12.0,20.0,0.0,0.0,0.0,0.0
UA,08/02/2022,1706.0,N62894,LAX,22:45,23:27,314.0,310.0,42.0,23:39,12.0,4.0,0.0,0.0,0.0,34.0
UA,08/06/2021,1706.0,N38479,LAX,22:50,23:44,301.0,302.0,54.0,23:56,12.0,0.0,0.0,1.0,0.0,54.0
UA,08/06/2022,1706.0,N69806,LAX,22:45,23:06,314.0,298.0,21.0,23:20,14.0,0.0,0.0,0.0,0.0,0.0
UA,08/07/2019,1706.0,N39423,LAX,21:30,23:46,304.0,302.0,136.0,23:59,13.0,134.0,0.0,0.0,0.0,0.0
UA,08/07/2022,1706.0,N73445,LAX,22:45,00:26,314.0,300.0,101.0,00:37,11.0,4.0,0.0,0.0,0.0,83.0
UA,08/08/2021,1706.0,N37437,LAX,22:50,23:39,301.0,301.0,49.0,23:53,14.0,0.0,0.0,0.0,0.0,49.0
UA,08/09/2021,1706.0,N39461,LAX,22:50,23:18,301.0,310.0,28.0,23:30,12.0,0.0,0.0,9.0,0.0,28.0
UA,08/10/2021,1706.0,N38479,LAX,22:50,23:19,301.0,304.0,29.0,23:35,16.0,0.0,0.0,3.0,0.0,29.0
UA,08/11/2021,1706.0,N77431,LAX,22:50,23:22,301.0,310.0,32.0,23:39,17.0,32.0,0.0,9.0,0.0,0.0
UA,08/18/2022,1706.0,N37462,LAX,22:45,23:06,314.0,311.0,21.0,23:20,14.0,18.0,0.0,0.0,0.0,0.0
UA,08/21/2021,1706.0,N37413,LAX,22:50,23:12,301.0,323.0,22.0,23:28,16.0,22.0,0.0,22.0,0.0,0.0
UA,08/23/2021,1706.0,N69847,LAX,22:50,00:04,301.0,298.0,74.0,00:18,14.0,0.0,0.0,0.0,0.0,71.0
UA,08/27/2019,1706.0,N54241,LAX,21:30,22:21,302.0,0.0,51.0,22:34,13.0,0.0,0.0,0.0,0.0,0.0
UA,08/29/2022,1706.0,N37422,LAX,22:45,01:22,314.0,320.0,157.0,01:51,29.0,17.0,0.0,6.0,0.0,140.0
UA,08/31/2019,1706.0,N24224,LAX,21:00,21:31,302.0,287.0,31.0,21:43,12.0,16.0,0.0,0.0,0.0,0.0
UA,09/02/2021,1706.0,N66825,LAX,22:50,23:16,301.0,288.0,26.0,23:27,11.0,0.0,0.0,0.0,0.0,0.0
UA,09/10/2021,1706.0,N66825,LAX,22:55,09:36,311.0,297.0,641.0,09:47,11.0,627.0,0.0,0.0,0.0,0.0
UA,09/13/2019,1706.0,N78501,LAX,21:30,21:57,302.0,282.0,27.0,22:11,14.0,0.0,0.0,0.0,0.0,0.0
UA,09/30/2021,1706.0,N63820,LAX,22:55,23:20,311.0,279.0,25.0,23:33,13.0,0.0,0.0,0.0,0.0,0.0
UA,10/05/2019,1706.0,N87527,LAX,21:30,21:59,304.0,289.0,29.0,22:13,14.0,0.0,0.0,0.0,0.0,0.0
UA,10/08/2021,1706.0,N37474,LAX,23:16,23:58,313.0,290.0,42.0,00:13,15.0,11.0,0.0,0.0,0.0,8.0
UA,10/08/2022,1706.0,N27477,LAX,23:08,23:59,313.0,300.0,51.0,00:10,11.0,0.0,0.0,0.0,0.0,38.0
UA,10/24/2022,1706.0,N37462,LAX,23:07,09:27,313.0,303.0,620.0,09:38,11.0,610.0,0.0,0.0,0.0,0.0
UA,10/28/2022,1706.0,N69829,LAX,23:07,00:59,313.0,296.0,112.0,01:18,19.0,0.0,0.0,90.0,0.0,5.0
UA,10/31/2022,1706.0,N78540,LAX,23:07,23:45,314.0,293.0,38.0,23:56,11.0,1.0,0.0,0.0,0.0,16.0
UA,11/07/2019,1706.0,N25201,LAX,22:51,23:22,309.0,336.0,31.0,23:34,12.0,12.0,0.0,27.0,0.0,19.0
UA,11/18/2021,1706.0,N69840,LAX,23:59,00:35,315.0,299.0,36.0,00:50,15.0,0.0,0.0,0.0,0.0,20.0
UA,11/23/2021,1706.0,N78438,LAX,23:59,00:15,315.0,309.0,16.0,00:27,12.0,0.0,0.0,0.0,0.0,0.0
UA,11/25/2019,1706.0,N26232,LAX,22:51,23:08,309.0,335.0,17.0,23:20,12.0,17.0,0.0,26.0,0.0,0.0
UA,12/07/2021,1706.0,N38443,LAX,23:59,00:17,315.0,337.0,18.0,00:47,30.0,18.0,0.0,22.0,0.0,0.0
UA,12/14/2019,1706.0,N26210,LAX,22:51,23:51,309.0,0.0,60.0,00:06,15.0,0.0,0.0,0.0,0.0,0.0
UA,12/16/2021,1706.0,N33264,LAX,23:59,01:02,313.0,326.0,63.0,01:22,20.0,0.0,0.0,13.0,0.0,63.0
UA,12/18/2021,1706.0,N17233,LAX,23:59,01:46,313.0,294.0,107.0,01:59,13.0,0.0,0.0,0.0,0.0,88.0
UA,12/20/2021,1706.0,N62883,LAX,23:59,01:09,313.0,281.0,70.0,01:19,10.0,0.0,0.0,0.0,0.0,38.0
UA,12/21/2021,1706.0,N73291,LAX,23:59,01:42,313.0,0.0,103.0,01:58,16.0,0.0,0.0,0.0,0.0,0.0
UA,12/22/2022,1706.0,N76528,LAX,23:59,04:19,318.0,0.0,260.0,04:33,14.0,0.0,0.0,0.0,0.0,0.0
UA,12/23/2021,1706.0,N17244,LAX,23:59,00:21,313.0,297.0,22.0,00:34,13.0,0.0,0.0,0.0,0.0,0.0
UA,12/23/2022,1706.0,N87527,LAX,23:59,01:46,318.0,301.0,107.0,01:58,12.0,82.0,0.0,0.0,0.0,8.0
UA,12/24/2021,1706.0,N14219,LAX,23:59,00:14,313.0,295.0,15.0,00:27,13.0,0.0,0.0,0.0,0.0,0.0
UA,12/24/2022,1706.0,N77539,LAX,23:59,02:49,318.0,305.0,170.0,03:01,12.0,2.0,0.0,0.0,0.0,155.0
UA,12/25/2022,1706.0,N35271,LAX,23:59,01:48,318.0,324.0,109.0,02:00,12.0,5.0,0.0,6.0,0.0,104.0
UA,12/26/2022,1706.0,N37253,LAX,23:59,02:21,318.0,332.0,142.0,02:40,19.0,9.0,0.0,14.0,0.0,133.0
UA,12/28/2022,1706.0,N17229,LAX,23:59,02:20,318.0,308.0,141.0,02:32,12.0,18.0,0.0,0.0,0.0,113.0
UA,12/29/2021,1706.0,N62849,LAX,23:59,00:35,313.0,297.0,36.0,00:48,13.0,0.0,0.0,0.0,0.0,20.0
